"","1G.0H.2","1G.0H.4","1G.0H.5","1G.4H.2","1G.4H.4","1G.4H.5","VG.0H.2","VG.0H.4","VG.0H.5","VG.4H.2","VG.4H.4","VG.4H.5"
"GNPDA1",4.05005236729386,5.50483627396516,3.57126514417146,4.37989325140818,3.71976388056373,4.4711836241136,3.75219294750386,3.23509328331115,4.02049391738056,5.69628726218403,4.51807138118241,4.37709032381377
"ARPC3",5.28789620019573,5.5037116482596,4.88844824343537,3.05767186738939,4.98764550897,3.51651570592036,4.56297680144971,2.83407716339288,3.4565595514021,3.92047841839522,5.03471812754029,4.4892366629874
"ARPC1B",6.06615558797835,5.70834293145158,6.09214232054175,4.66067068601869,6.24594956073825,5.18925241451771,5.04002532212624,5.02455880064304,5.8171724777219,5.86787675828634,6.00760978791652,6.48995710488268
"ACTR3",5.27428067580775,6.74543513148654,3.86402836412697,3.91345786705194,5.40127278135829,5.93254946380023,4.53735825984012,3.45622223424203,4.10639709893541,5.60493023568397,5.50467599137429,5.02691002449185
"PPIF",6.02060069843302,7.61236759345436,5.45889241382323,4.32570264336402,5.16993917522957,5.78459418552198,4.62636897957203,6.06834120619297,4.78753255546931,6.09391806678821,5.18792104160047,5.5326637027669
"DDX39A",7.61766358133933,8.13928368392743,6.45070669257708,7.42679586870076,5.71352926540451,7.21750232012159,6.88702614626437,5.75293243738433,5.88208137601719,7.44588403578474,5.5597022734948,5.89094089932001
"CDK7",3.31171023993842,3.53547438281955,2.94883622439426,2.18359587725257,2.826161257541,2.34078634861537,2.43980229798294,2.01869093416556,2.70482319446056,2.63354603527398,2.31326853455925,3.3213076371591
"ZNF267",5.87671514396869,6.69234276841377,3.7909409802029,4.97151167142171,3.16178311382134,4.92239426807246,4.97060237969463,2.82916122680896,3.64004383672201,4.85738379908346,4.05119135685748,4.2140016397192
"AKR1A1",5.77603984662915,6.57621818340146,4.66067141420042,4.58826017196654,5.23685590410241,5.41852964208291,4.87929838735882,5.46902871290962,6.03818357537765,6.71275337879035,5.81339795575919,6.01926428654883
"BASP1",5.5928642126283,5.41270641196527,5.15468614635007,5.29373158821679,4.2736531907055,2.8923496192455,3.88809672819675,4.09345814917276,4.41549065359517,4.36054110666822,4.33090963530714,4.45034341511334
"DDX17",7.25136063388078,7.04228727644139,6.33367786417494,6.83305250427195,5.9625103579275,3.94010704264127,5.32200265574438,5.35217875304966,5.91567854499872,5.55549812070847,4.47604479422896,5.95532027830442
"ZNRD2",4.01549713889814,4.45934192577292,4.12894258688809,4.9426057741844,3.65568237970882,6.05764452300247,3.95934081602258,4.12147606640235,4.37052560640065,4.60722538873898,3.71535335495237,2.54044649129025
"CCT7",6.86936239838328,7.41129055437282,6.74321392290352,5.43248491194717,7.17954951690071,6.22090618767716,6.25985942196049,6.0012337615978,7.26500926075147,7.30534571190297,6.89764732213343,6.89219736425183
"CCT4",8.44324328723038,8.15883304499665,7.09383142487077,5.76610011742667,7.49113871888704,6.54658722378913,6.13262943126058,6.22909433159493,7.46161308071982,7.47889334674294,6.98176878879249,7.48986946960348
"AHSA1",7.82801570008285,8.09978967572635,6.91815492720554,5.51184416256977,6.98816242070739,5.89421412977036,7.32732099840163,7.26787301253676,7.40875130810496,6.64072285631246,6.66385511356012,8.18230656128643
"PAICS",4.63910208644043,6.49486668239347,4.97117127688799,4.76338797137549,4.49534798667159,5.1816691587807,4.07080081911373,4.37007763478517,5.24903860972483,6.44890051848065,4.73400557189586,5.09847297728743
"KHDRBS1",7.78468923381655,7.62223716362238,6.70195451921091,5.34927712561411,6.05051466990595,4.88989598131575,6.69863073988978,4.74500615811827,6.42353680956145,5.70003132644131,6.52872910733545,6.95323436430138
"CCT8",7.24392582142409,7.61859991319692,6.62130655787904,4.81155427807892,6.21470526006387,5.62819558942786,5.62750265435499,3.70349345002273,4.41868511371533,5.37196644475593,5.88491726700422,6.36385898616989
"NFAT5",5.46246522699963,7.00774080615402,5.04784381859444,5.72186180527809,5.84607252488351,7.35890814981277,5.83661683106611,5.81628665949217,4.97291134613511,5.98114191099453,4.87958460911555,4.46130810104536
"MTHFD2",6.04149131025377,8.93350076471075,4.77430120434883,4.84953434623875,4.29141368288863,5.54353051701584,4.89552368885915,5.03279365311167,5.24495300166896,5.84411517591236,5.39841213925984,5.49039953027423
"RUVBL2",5.00495293702879,5.93222624868602,5.1810610874808,4.59654035438536,5.52184337157935,4.88583277930432,4.75906297003677,4.9366892994504,5.7064391578754,5.97744968528365,6.06184063520529,6.02897997489139
"EHMT2",3.06666048049294,3.07765421012889,3.18935516775533,3.83879353065155,3.90586004590931,4.09709717442693,3.42716132463067,3.52654612351198,5.69286340830308,4.06929295823253,4.88773490997315,3.51630158587021
"CCNI",6.97208703161539,7.66635022863867,6.46724596052585,5.83901345279131,6.39603011995698,6.20159044708794,6.6461992283059,5.15097839501044,5.83029233341356,5.69189524632123,6.24058114127099,6.9637910725465
"CORO1A",6.90774674525123,7.22295651627704,7.29224090597678,5.66082795635181,7.64526234697101,6.23372418926111,6.73916230421808,5.37240849147186,8.58579493935272,7.12779824290041,8.50495114778576,8.76885764000946
"SUPT16H",6.42854160990482,7.29533274834996,5.75728382540565,6.02246818244893,6.63996707731928,5.69997148193843,5.52915522307418,5.87541047374797,6.9089726119601,7.54798010323297,6.5598346024377,7.07508814291184
"RNF139",5.80345164951242,5.58234487486453,4.60250842714676,4.0473826230861,5.25751076269348,4.86772835313312,5.03091340054833,3.22154988069698,4.42085290253808,4.59664825556687,5.69600873547629,4.2922977208789
"CIRBP",6.65757584354247,5.35846663010818,5.62404204701001,6.06150823451716,5.23450603931223,5.89948747824698,5.70430039898552,4.88085302185119,4.44037390592546,4.86918216738967,5.30722703186683,3.63810148402833
"CLK1",6.62321145106992,6.41355807531833,5.6742672989378,5.54721137234751,6.1749962763598,5.05439852350929,6.09238113193594,3.97336763407485,5.25794855679336,5.06571155648925,6.15298139148678,5.08497591411794
"KLF6",7.54177453438937,6.78195316630614,7.14746532073048,5.86015986968595,6.19178676967122,5.54101505390795,6.38309920519909,6.20351201398453,6.04219481102036,6.55338772848206,5.78776273323195,5.96818292208097
"COX6C",7.28912944254622,6.81142135717085,6.33107121377813,5.85435414343921,6.81405315053913,5.94727929879763,6.43735018216109,5.58946294636903,6.31864528073987,6.50926489520966,7.19427014326886,6.29710915174785
"COX7A2",7.82500073677738,8.52348128539442,6.75125092229724,6.00990343781266,7.15293171694364,5.96540826930747,7.48704892844812,6.01861155940091,6.8807948353359,6.47681167152836,6.89394580289673,8.18613893917777
"PARP4",4.81278651531399,4.44909468719987,5.49728332466332,5.25776510312215,6.68785809804974,4.62997599786293,5.87212806711122,5.33376876557721,6.64845119989054,5.46192220206322,6.37511115705692,5.20564189154136
"CSTB",7.33916404444732,7.29632862702145,6.35101351798446,4.48719944999565,6.49058412647912,6.92911195031746,6.00845077277679,6.20703279020511,6.63155752944502,7.00804673905666,6.95541358188035,7.55418591783796
"CTSS",4.48106942318157,4.80388643102095,4.80012636947708,4.59166045913751,4.60272381460963,4.97762950488797,4.74084967133907,4.83320495082337,5.45927321394094,5.76570535557467,5.42768085908171,6.06391233419491
"ADRB2",2.99425597969533,3.7364800238482,3.34862933677717,4.51643913976978,4.10185605255466,4.01390578582656,4.82202639727672,4.55497735641673,4.31863886146828,4.28923917482648,4.08632512810192,3.51471794530421
"CD55",5.83833757257352,7.03905301965507,3.43993248125288,3.91736698843457,3.54193083403022,2.68691900399336,4.25572410554776,3.24423990340488,4.57775859910975,3.47254683842869,4.48192127323705,4.41731905286092
"GADD45A",5.7346130765101,7.98350235196225,6.36723898704211,5.51814288012969,5.00805717718755,6.72538777459559,6.42595250071277,5.67223966718668,4.87782124324503,5.31615045852896,5.14235645120569,5.39701769187397
"DDOST",5.90035587987766,6.28036743737382,5.84931196906682,5.16319463268602,7.13543278980364,5.71666034887142,6.14359249239575,5.81074930288254,6.91241405304631,6.70739232566876,7.02207471444466,7.36852769164823
"TLE5",5.91236183043175,5.01760237757098,5.15164141411814,4.91840351080553,5.82589042231193,4.47744573614046,4.4888932399431,4.23320343790127,6.59087314948605,5.55406458678158,6.30522556815168,6.41769791721334
"DHX9",5.76562988446538,5.86153838197799,5.70991734689042,4.49295969350541,5.60688157603406,4.09675310169138,5.68630072009216,4.48728637296799,4.65169874969177,5.01556775008457,5.99503437003247,5.1006114201393
"DDX11",5.98507087431359,6.06821233700663,5.65344967471603,6.74444618085318,6.40130831584322,5.39532131049892,6.52091816120646,6.89258003016532,6.26673928134715,5.50391625100917,5.69133851407274,5.51605532890749
"DHX15",6.79959373810643,7.5748552892713,6.29646049741254,5.30085272084069,6.84055138686461,5.80253765773366,6.29332045494809,5.19702681355201,6.77576509394373,6.59119536381708,6.65325271858088,6.83403857891908
"DYRK1A",7.41018631822858,7.38266975634924,6.29468281725798,4.69235804213068,6.89888131335176,3.68369305579168,6.92560076452436,5.12768853793449,6.47719824643655,5.20127830224958,6.98830686676242,6.71351220727409
"AHCY",3.40415031511156,5.35000098971318,2.20560168390607,2.57284366308014,3.17936088923288,2.99787388612364,3.03356944155048,2.42688042750366,3.69644518497035,4.56699085626154,3.32230951240495,4.23088368010851
"EIF5",6.50029102630673,7.51819445461647,5.80208716131343,5.90379366236616,5.96306353285469,4.27772947666034,6.18179795152035,4.40851905111876,4.73599986309683,4.02578845922626,4.27976730800314,6.58827584988764
"ENO1",6.36205108590008,8.91607101120286,5.37804736852216,5.07079001800087,6.26489119866534,6.51555048692028,5.39570382126885,5.3564306188047,6.78530959724695,7.48368561015143,6.26154944635927,6.81448366127425
"DMTN",4.65359425324229,4.37401749893823,4.48895082003251,5.52388534904747,5.47198811593893,4.91953445633413,5.43040780887645,6.28771935984125,4.78904443456564,4.30043620387056,4.5164167620967,4.51192572736116
"EPHA4",5.97682476070741,4.73851557878099,6.19428985776302,6.95937167944872,5.72681295617741,4.86003295453938,6.65433237232951,5.63717506189596,6.54158715962038,4.43333831697229,5.70832570087919,4.75550503668006
"ERBB3",3.05665095918573,2.565078964548,2.54683613073587,3.47245009168844,3.36568738279052,3.38812122711994,3.16461573612689,3.43534154535414,3.38211526818589,3.01367389235136,3.1009542808921,2.27862906074084
"MSRB2",3.52037879250902,3.14726964376619,3.24985916315958,2.59855259923386,3.54480704948901,2.74827921407823,3.18440241728416,2.7144080161981,3.12885854848714,2.97386441019542,4.04453337710263,4.70543199462966
"FOXO3",5.48961220591378,5.37766893174013,4.816994372079,6.08795219707175,5.98332690619741,5.78078327370292,6.34174160801498,6.28483600473103,6.59083100620568,5.7451996468954,6.4626034307408,5.95810406785398
"TARDBP",7.28339312078311,7.20755726073657,5.10053129207649,5.06812846729727,6.17733156030297,5.54647027476324,5.78291366986008,4.87688429835997,6.87404663631751,6.40148248712002,7.17312163198903,6.10769435937873
"SEC11A",5.61064265159299,5.62978391813008,5.42089986726014,3.5692907179303,5.97239622557099,3.57484044752831,5.12933108570725,4.85535785103657,5.44409206095187,4.45837301855376,5.48961220591378,6.81213006444555
"SRRM2",8.41610204901452,7.92153111329667,8.06726319129752,8.28259369804708,7.45185433815068,7.19512648173664,8.1719001286094,8.38550483570119,6.47147263794316,5.60669663499383,6.73778096499477,5.56530732838178
"FOSB",8.18930999980473,6.07073768182983,6.98888277552834,6.07073768182983,4.16087012986616,4.23749707584931,4.90837286039963,5.47607078359225,4.14205576420987,4.24110386522572,4.39914541609283,3.876772546261
"FOSL2",4.14984659414083,4.08072052388852,3.64484909413579,4.54003192735001,4.0717730515833,4.92073126602484,4.13110501193186,5.06524345484155,3.55392754254835,4.27109465042363,3.89008715640431,2.34590647731422
"SLC7A11",3.55759923917885,5.06346261402552,2.99247803625693,2.73482723572068,2.25546845990375,2.64809918947135,2.43873090635323,2.41503857252524,3.32346055921156,2.98873948783517,3.56474153460088,2.58826200079407
"GABPB1",4.67391261759922,4.79102974574292,5.12746698629963,3.99710022753103,3.86218239100052,4.23850107563067,4.11596857117617,4.11842865823342,3.99403601801484,4.33652012533017,3.80620441326022,4.8046132422461
"FBXO7",6.64898695414116,6.55830045072593,6.47741932887015,7.06282053381312,7.30016222344801,6.92788801345705,7.87100466225736,8.05652503513835,7.22490759456025,6.8194041584597,7.20011247095434,6.12205336769598
"SLC39A6",4.40495254815332,5.94181956167099,3.12476086489813,3.39185641985452,4.18662304038349,4.33506230551643,3.66998479989185,2.54942131642026,3.97456321509936,4.75659972340523,3.96489800387483,3.95886431581174
"GATA3",7.41038536666987,6.86165536669306,6.54837381322027,7.02892463130079,8.11161593004945,6.9919473812607,8.51463614598093,7.13029727006585,7.38821883712406,6.72161802361973,7.17900105904586,6.56244261069617
"GBP2",5.95366018036301,6.73977104304434,6.62241982947526,5.00396121803791,6.63650893453973,5.57311807830212,5.62640096582417,5.21575575074014,6.60819121668858,6.8547757160448,5.43749087156218,8.41018475038847
"GDI2",6.91612873551802,7.18416762948398,5.96863764174785,5.8468109866339,6.79197284429079,5.58640955686679,6.24963793650391,4.46820462252018,6.68993938348822,6.88201589517199,7.6517999020757,6.38484173659846
"GEM",4.186701472198,7.17140836711841,4.94286147282317,4.70854067073251,3.35485373214323,4.15602839012931,4.83193281669386,4.75894366835226,3.33383972892993,4.04129279957899,3.74421740092054,3.83540440046398
"GLA",6.85685949389024,9.22418916461137,6.70040540499466,6.79528492048835,5.56845762700357,5.60241743075964,5.24426868576767,5.847498589837,5.95643101779955,6.49215678344097,6.17839952736438,6.49007016292711
"GCLM",5.2972975971692,7.2792357765542,4.57484290634458,5.22585820210001,4.28442311873995,5.62634156454828,4.02677466129592,4.46603603345841,4.58063724186163,5.41049503184719,4.65732163188881,4.6408634490322
"GMPR",2.38278544448375,2.38201172982802,2.91223758280886,3.39306206252491,3.02056263173119,3.52259730999194,3.39997846410342,4.06493865594249,2.89960891424251,2.91883080611726,3.20434677916682,2.48207921253156
"GNAS",5.22021222438779,3.91687477301902,4.55694140838389,3.94659106672081,4.67045277719635,3.85157308264375,4.84889590311761,3.8672547260334,3.11502948392583,2.76493356154189,3.15178326253947,2.81643563490836
"GRK5",6.72661607262538,5.32796475653653,5.40548075439208,4.78029398765072,5.69441016396891,3.41946323209849,5.74460866041664,3.80335775197707,4.36446894235873,3.6894664386724,4.63026829533846,4.61485406926801
"TBK1",4.71745385455592,4.79558414908948,4.96361092363178,4.20246645269549,5.33916993007849,4.10121114848724,4.25846785288189,3.92099525553698,4.21751376320441,4.38784980383448,5.23755246307695,5.41471479946851
"BRD7",4.54141606469948,4.5591153876433,3.42829963735813,2.47650489503059,4.32398208694524,2.77943547610301,4.06399852897522,2.36065464275521,4.07776338063506,3.64837850115762,4.71534513679547,4.22137288004703
"HARS1",6.53087685377488,7.08724406909187,6.1291211561354,5.14829362352301,6.88175107615688,5.19346593584743,6.60652917128593,5.1260173726748,6.08182854189988,6.14779955869985,6.5389654926642,7.33792333897068
"HBB",10.9982143391451,11.2091602394032,10.2883472799915,10.8811004624881,11.8091515245956,12.8298052742359,12.140514278999,11.1352022040229,8.92951569184474,8.71844638336548,9.26905169628681,7.65185730160928
"HBD",4.93027706150383,4.87785759247858,4.74320445032853,4.9164254096853,6.33447014268917,5.28889739750921,6.73761947382818,6.89459116454543,4.28057648281659,4.54792938111342,4.37902550083511,4.81686097954254
"HCLS1",7.14538065679818,7.84873624197621,6.45001393612307,5.57073018729457,7.29047720614392,5.51868790211414,6.56090657272344,5.15126977407862,7.37650788323542,6.92980132019493,8.40261384521492,6.72093949958441
"ANXA11",7.52666255150165,6.38332264952297,5.82553703686667,5.92455112423544,6.97266980017248,5.99840400423982,6.79736769834623,5.93082401326444,7.93926895523273,7.18371733001979,7.7491061427535,7.07528766876599
"HLA-DPB1",6.55299277001975,5.57313408691437,6.12210196376683,3.53563109925059,6.01381320496091,4.04365423681211,5.59440458466419,5.20850947932456,6.80100430908379,5.37001697969033,6.24567496506678,6.05660488764361
"HLA-DRA",6.16156006825757,5.88637633713701,5.84694903823857,3.42713850407784,4.17593154627967,3.26492133342535,3.90190719962284,3.63761292268255,5.75492088578992,5.2617579311308,5.02424606799444,5.93212487674661
"AOAH",3.93996342272403,3.38751291441517,3.84704213475865,3.51340317991971,4.98159447036922,3.16526396365873,4.00396425787006,4.27952714775951,5.36892294448591,4.41980733781696,5.00223883867589,5.64127564669409
"HMOX1",9.04072799596972,9.1827060643209,5.85017381281843,7.21587105004008,4.47354010131318,5.17234426232078,4.50664389796812,5.4756402761708,4.91209909081178,5.52617723734445,5.15265848120158,6.41403850784902
"HNRNPC",6.20117549831696,6.86218589600388,4.72249174586789,5.54511482001708,5.18826851402109,5.18901724396405,5.97887509810168,3.99314681116908,4.64883582905431,5.51691261418645,4.86913973093088,5.0223620526056
"HNRNPU",7.42699757223508,8.02486625825389,7.28715795341359,6.06150823451716,6.96729177691006,6.32347131288252,6.52176129100219,6.29509744580972,6.91598127766718,6.79720519445544,6.24575416723191,7.29093529416984
"HOXB2",5.84747043008016,5.15359515542184,5.57596354635654,6.16070586631517,6.31099893325881,5.43257863161408,6.65257162158313,6.26783798061626,6.90356281864904,5.62650696881168,6.02999096657175,6.29454490206805
"PRMT1",6.73511709335371,7.71064482706648,5.89326616677961,4.61722100857755,6.57696015423979,7.58789567413131,5.54817398834169,5.21045860044579,6.30952711202226,7.34076175118878,6.63202245176004,6.33278321679624
"DNAJA1",7.40253703305044,8.36778013801298,5.58987236446917,5.6169765363001,5.17451657309096,5.62201264591336,6.51293333307885,6.18754848423372,5.13707873037736,6.67589879260371,5.25780624106901,5.30587290345381
"HSPA9",7.36323595129796,8.65577209563059,4.97593472666364,5.40445281339877,6.3819788560689,5.87643917549246,6.86211634186671,5.3385783346851,4.63201280475078,6.27400208048674,5.28205535350405,5.60384005703961
"HSPB1",6.97671771079437,7.90494031969223,4.41169923772187,5.20451122998045,3.6204718444978,4.72164322079862,3.07974586206084,5.05594945343775,5.20185557274342,5.46107740285217,4.91542710087917,6.94700755399862
"HSP90AB1",6.37854606915992,8.80804625135207,5.65295180464961,5.17900538337248,5.35388642039889,6.09361391898567,5.91955839961147,6.56515508950379,5.0109454942008,6.6076976418594,5.35672016084589,6.91775607732784
"IRF8",5.07834775079207,7.16053973292461,5.32465494697252,4.77430620912037,4.14693723384503,4.7093200643414,3.99937215560319,4.05853015518414,4.36006719413722,5.53927192027276,4.20617588006915,5.65262735088386
"ID3",3.82734938159438,3.83972571069551,5.04340701248229,2.80751434613629,2.95318966461113,2.57098756420995,3.66193803003017,2.82362678533831,2.94350804157715,2.40550187237049,3.37507427002831,3.07316663762539
"IFIT3",5.53074230300999,4.59872522867564,5.85980034392755,5.3435611365373,4.37959900366301,3.78616741204239,4.25247744775859,4.4390404827675,4.26370515220815,4.13822122127323,4.01211553397735,5.37441223110941
"IL1B",3.66414782007756,5.85189970746332,3.91649206760554,3.99025211589002,3.31042146436523,3.63282191352203,3.44989258399694,4.04376051884552,5.80172245510503,6.72457892530401,5.42222083798121,4.17664246991017
"IL2",1.85455461036934,6.70289855821966,2.12423758053407,2.07470523673016,2.02378802175539,2.79320563664697,1.77102150632501,2.15593680015467,2.04860810364581,3.99673861987495,1.90191505439941,2.80690280051202
"CXCL8",4.78839390063888,7.24040598593726,4.40710785638898,3.8993651154063,3.34776844205651,3.18066828023495,3.33908601683519,2.99949169436534,4.08217107793746,4.90386721916119,4.52808569667616,3.88184229613776
"IMPDH2",6.14379240285539,7.41201428526109,5.18265870178598,5.34995875290364,5.6969090288684,6.47523161517098,5.09368179700359,4.89254848338433,6.15843588272875,7.78208669027214,6.71024979017244,6.53346707814105
"INHBA",3.97273474917276,4.36070121503082,2.83647886958124,3.27598503199031,2.72602394274884,3.08931921764052,3.16986712828096,3.11485088792916,3.99690287684816,5.3760593089292,3.86298293291639,4.52363696460773
"EIF3E",8.31923844896756,8.76594556485804,8.31348173961538,7.23881056357423,8.40145666559017,7.14294566012694,7.91847268405424,6.32479135741823,8.02691551646304,7.72090852826508,7.8910158006295,7.74341156052213
"IRF3",4.66004820838775,4.7711877950455,5.72391361253261,3.96162648939073,6.34769593148403,3.96816269415659,4.73469929269674,5.36050066487368,6.02949114210917,5.53729012425179,5.98198587749234,6.82456019213725
"ITGB2",5.74985539426851,4.77795680074355,5.6709570903837,5.22696893635504,5.7029127095451,5.2670568870288,4.7609944303829,5.02801500509819,6.99285263241248,6.43007546365614,7.60359650833712,5.80389670441365
"EIF6",6.55029847756023,7.31928328923568,5.92836409328328,4.9756579260224,6.57408948064361,6.73802737284769,5.66168717550394,5.25327877576449,5.66642090873088,6.54141236689197,5.7958213777934,6.60122951492996
"JAK1",6.85531880620587,7.92087409082555,6.04131046083701,6.16313795214042,7.43575498277118,6.30107819354702,7.59628324129615,6.04522300597143,7.08772763305249,7.8259217353164,7.99109987019409,7.78967503052035
"GSTK1",6.20585426643506,5.42044830078481,5.62784309129239,5.92365396593765,6.30837338496019,4.57270796375138,5.83376312254543,4.41760682414302,7.19379783928278,6.80782430497013,7.17023265773475,7.68704991586901
"KLRB1",6.49862870785522,5.8629397110877,4.91120105376562,6.24248483126286,7.79915265590747,6.66662092199173,8.91969110083715,5.96123898351103,6.8221292776604,6.32287064391193,6.84268887302439,5.79323406124156
"LAMP1",8.81648445278624,8.89668599488074,7.927455788339,5.47784990862043,8.4275609624001,6.98563531466155,7.44403501544346,5.42098011777604,7.73735710113986,6.98919232719288,8.0167993149307,8.18320828346569
"LBR",5.25926150968857,5.48185991221065,3.55403233390713,3.03794222562659,4.69557229430929,3.19872140927184,3.62073171195026,3.24692420650823,3.92058484726703,3.56747581660955,4.19893466108623,4.63179596525215
"LGALS1",6.56338986443137,7.67005018204429,5.76034667344846,5.67568344784989,6.48152046124807,5.50022958310909,5.53715171063172,5.28967055394705,5.53685181419546,5.240596535233,5.91869042668286,6.17944207060555
"LGALS3",7.48737503208636,6.42299480071925,5.36834120760486,5.15151830099093,6.6522729788249,5.15138486743352,6.60634051548165,6.53005590906515,7.41407878430143,6.41001715085489,6.68398934696288,7.44602171872114
"ABLIM1",8.16655417359303,8.56474517058279,7.04604277814638,6.67035561634457,8.32267572659255,6.06868401880086,7.50297804419992,4.92280261166339,6.96292632528515,6.92369417339233,8.04575842289813,7.07530128019271
"LTA4H",5.59567996692674,5.66146180852112,5.0363733020975,3.85009175540608,6.16753612069697,5.63499943159827,5.60605363015413,5.00897121982362,6.58082332528554,5.80317130892541,6.95762261629285,6.53058219987221
"MT1H",11.2092434251036,10.7132536813071,10.68307224848,11.0837094525474,7.37650097232925,8.21034897337005,11.592701780223,12.1607650784903,8.57285740093138,10.4832827584494,10.5132340811874,10.6983461251051
"MT2A",11.8924089993583,11.6699978379297,11.4219128300574,12.1707043873248,8.21632166292705,8.51964347171569,12.5689774946191,12.6924521626892,9.93961748254089,11.2919821669997,11.202920563668,11.845885720752
"MYC",5.82809967187116,9.37513274088473,5.53193903748609,5.05863979951135,4.98153330797133,7.23420739990218,5.2657764824584,5.53842067409352,5.16285150605131,8.3190477469115,4.90124591945317,6.50150329665614
"NCL",7.58010822266891,8.36990185856777,6.54882146129549,6.8962890085033,6.73613078401493,6.97231145093079,7.22696629113489,5.63717506189596,6.27598892976814,7.17825304064071,7.33036474534745,6.18625084051049
"NDUFA2",7.08581289697856,6.78220406505609,6.87399702077943,5.4902697542462,6.7142943473586,5.68876389547157,6.01072307143736,5.34199473469598,6.7603923895723,6.50614287682945,7.00877103867351,7.07530128019271
"ATIC",3.72440849362616,5.46409904938314,3.92658347882318,3.76043780692397,4.15459207233082,4.24047325166249,3.95906803512167,3.16264426835691,4.80355131306731,5.98384949330227,5.36742750115403,4.65001112841296
"DRG1",6.495353445378,6.39089512067612,5.68152625947963,7.24382989858558,6.09520728994193,7.57560104485172,6.46393183668087,5.72999656403697,6.4972053332888,6.5751145402736,6.44953274457227,4.16536603521113
"NELL2",7.39465954310269,7.56500714500295,6.47098766582726,6.14802049941376,7.37239722516029,6.77329264066785,7.31315948909466,6.74445860378167,8.46788438613348,7.91745268410008,7.68700565084005,7.972622887549
"ATP1A1",5.99948567618599,6.97178347361501,6.11420959249762,5.16464476046471,6.54514275124376,4.58480342387061,6.15962012277827,5.16750522435185,5.32049578592865,6.34309908565836,6.31474311634162,6.15539235662116
"NFE2L2",6.55945385771315,7.40540556390244,4.72018934829343,5.33724867085193,5.58357825252877,4.63337777068989,5.77736429089614,4.01251955978382,5.11324436961061,5.23547736961329,5.09321894307049,5.03332906123311
"NFKB2",5.58248358129386,6.32409106891569,5.43513865338984,4.93005176026199,4.44286284655918,4.919640675156,4.64997227319874,4.70150846580887,4.80217470943428,5.56212656470518,4.72416896550292,6.10441403722543
"NINJ1",6.96258551637525,8.02644334670909,6.40968300853731,5.20997150955019,6.03594959318704,7.98987145017454,5.73969814173537,5.21782304963172,6.51063293586537,6.90223718560111,6.39372274959067,6.87394546356951
"NKG7",4.83219829333316,5.5785581205247,4.79619945757476,6.16340714321065,7.11812366333052,7.72431515229574,7.27878763630437,5.76050323985556,6.23472295710057,7.47917068686057,7.42458610199877,5.70467658082933
"NOTCH2",5.2841455208831,5.65474076273246,5.17995153663708,3.78178581678642,4.89229556295629,3.28482781972148,4.43696943652886,3.76730414272529,4.5750162211766,3.95812979826167,4.09228001155368,6.02287240978237
"NRGN",4.46742796506346,3.7173875004698,3.39015210341823,4.59438165775271,5.20101915140925,4.0796726818799,4.00855761812999,4.48382825231158,3.26589841278457,3.11073293968188,3.96856817070611,3.36461910169673
"NUP88",4.05998450092802,5.47487797398596,3.92826937962575,3.16850283638553,4.07468052405031,3.40360077271079,3.50535945934369,3.13437186955574,3.00465721106692,4.16228156415338,3.46093736431669,3.74417309597496
"OAT",4.46290718826919,6.40077687867701,4.89444645585203,4.43518744398078,5.41833968307371,4.17065624173036,4.73536024016003,4.75825258719097,4.36517012115699,5.09406952604631,6.42473576899331,5.35483780648282
"ORC5",3.26951416422632,3.23596742089159,3.58430758995673,5.12236951317142,3.86497197489564,3.58808766098114,5.43269869381,4.14892927484339,4.10566401476055,3.96140478178871,3.60758518099592,3.37842581017856
"PRDX1",8.01899053611868,9.71950498533582,5.85358346206925,6.63608121618233,6.25274736841213,7.89155731125395,6.30689534986881,5.78220452594985,7.50035285162633,8.5358242389193,7.08935340914363,7.7892749239103
"SERPINB2",4.78841681711481,6.46182899701159,3.95471184286429,4.0064928279916,3.42455996486389,4.42207833938263,3.45443029375021,4.01678264841976,4.23996974299492,5.65852907708386,4.55276844620181,4.64591162678773
"TAS2R8",2.5481604138328,2.37753306100856,2.35591562476543,4.39772090141543,2.55409678765271,3.28472126438913,2.61053347940311,2.96423478792604,3.69279002120907,3.34327298342701,2.35807021018184,2.4424303755768
"ZNF593",3.97312116423757,5.057797632768,4.50820959262713,3.40161465337377,3.12066561074424,4.01685281949677,3.47210812774729,3.44711924001313,4.14230467725358,5.43347552031908,3.39840891793444,4.47922750862581
"RPS27L",5.58699179020559,5.54722750193244,3.96712078812684,3.33857234121795,5.36097050150883,4.61514623450061,4.3478413589938,3.07027249433845,4.765051346735,5.44025596115283,5.2148122112793,5.52795378186672
"POLR1D",8.50844573640521,7.57247784224472,6.32086831382105,7.08628128716183,6.74602476401105,5.97909684410367,6.76632949954769,5.33862699587816,6.01143644193667,6.39817146857136,6.82869810393543,5.4484653687685
"MRTO4",4.68314898208035,6.50792412834516,5.65444639448024,4.94050305415452,4.8607414599753,5.25360397680325,4.8713472079304,4.74756676310857,4.70718810155503,5.73007726705935,4.69622878309297,6.03818234869167
"HERC5",6.52196945937323,5.92771831125194,5.65622111150852,6.84016057227039,5.30955907889257,4.96687164107404,5.19532583144109,5.22528775521382,4.48390031006747,4.79662110512027,5.24754561150538,4.5467000023049
"FAM13B",6.40519216844374,5.65027300703315,5.12705543864642,2.94940277690715,5.25603972610756,4.47374699211927,5.60017564008129,3.17699066937007,4.54024401034239,3.34912988956843,4.09346641686338,5.0107556335805
"BIN2",4.12906247248816,5.02876014318648,6.5378238775265,4.27776008445053,5.37999384134635,3.7042770455712,4.74525121028187,5.25111757762419,6.44426250316197,5.05293955120496,6.00797091299491,7.0537835672216
"POLR3K",4.38501069697477,4.0079534791132,3.94055615554154,3.6821078543252,4.42847788770929,3.73601265329573,4.50816754392403,4.5950461032944,4.75075617594574,4.7951063565472,5.04217662914426,5.51300304963586
"PIK3C3",3.60251986870414,4.05783170351507,3.90425765254923,4.89032076359806,4.22495269393873,4.71221606440305,4.41465523953952,4.16112293506901,4.3099479409165,3.62158204654498,4.08947396567689,3.50815074182236
"PIK3CA",5.52367190766829,5.02877912890307,4.75176601195788,3.79574574739183,4.25885888193557,2.78158871161063,4.67700669546818,3.27495018445383,3.61862490684332,3.00424988674656,3.73225221942845,5.29603255843754
"PITPNA",4.50241203616191,5.40523537438182,4.16646952901345,3.7797067160395,4.31882533241179,3.57976999104599,4.10169485033862,3.89834677668671,4.63101557343398,4.49827380189206,4.57564487593006,5.42156314390507
"PKM",5.62366662013657,8.42048174970244,4.7193651518771,4.58548043220948,6.99451338954874,5.08850000514455,5.17205316703213,4.90805603824987,6.16454885742871,8.31785818605729,5.83723545198851,6.44251161652478
"BTBD1",5.53652014711373,5.39759536604867,4.58319486156731,3.25733240352746,4.89931030634152,3.89735092721873,4.83747151775941,4.43776918355563,4.30063295475275,5.09218548448261,5.12207966527428,5.09317904968395
"POLR2G",5.38250964684596,5.86532308695395,5.74957989372366,6.7577579905933,6.8411700507884,6.44813584478541,6.82006233329754,6.01327784038953,6.80280116362792,6.47120198170845,6.71460528930925,5.17143991059607
"TRIM44",6.11664036138452,6.03903782713651,4.77871753146171,4.65876780638763,5.50597126750629,4.55250071928845,5.37717876541451,4.13732339947649,6.31249297043446,5.55047863833256,5.99583889109841,6.16023541028594
"PPP6C",5.62619239524748,5.89242053747345,5.88296424979191,4.71705428852609,5.85724810679948,4.08756110753064,5.28253822922941,4.99315698320475,5.99886357746896,5.2171384920111,5.63047726648799,6.52856002320959
"PRF1",5.1136154447656,5.50128221975392,5.04043435774651,3.96094140089224,8.43531126122435,6.64593658756802,6.85665726703952,5.5490368951895,7.50967635945629,8.13872582130901,6.77829927357844,8.16939194961392
"PRKAB1",3.97825987886109,3.50069786346332,3.68936908993371,4.67483992671967,4.20465762722604,4.69999760338357,4.36925955969868,4.45297402601362,4.59894830865494,4.53758868851212,4.33103501389648,3.88072449867306
"PRKACA",5.37805592854749,5.06944644480293,5.28150029053259,4.02069751019125,5.33010988532528,3.84758517050493,4.49851205815071,4.33664070699544,5.23243836534462,4.24958081157078,5.19279818247485,6.12546892911899
"PSAP",5.85751308755082,6.22785229740151,5.91698000008892,3.97782761768829,6.41854208311351,4.94867976646055,5.60835517813101,4.06560823767476,6.5130014048784,5.29412213017507,6.76103385993787,7.13270023267767
"PSMA3",7.25630979687069,7.9868433979964,5.51244204129889,4.85392305531802,5.51193299605098,5.74762508715862,5.01185464520989,5.35763862274679,6.22084981409574,6.68900843481352,5.6193617127704,7.21484563923212
"PSMB2",5.83603795644725,7.04925438238113,4.77556492218232,5.2642537928978,5.70805654361406,5.76062138382641,4.34532235221634,4.5950461032944,5.58956452816512,6.66278108581917,5.48946649874293,5.64127564669409
"DUSP22",5.99242027700266,6.60081286794794,5.15248520727058,5.6970948495657,5.03022435480831,5.19600343678304,5.10337794705577,5.40115986885026,5.6651329878709,6.2501011971537,5.60220370337544,6.08238928396539
"PSMC2",7.16734531559558,7.18943970561993,7.42011505215144,4.87462572477408,6.0964195517501,5.32778035601869,6.06555079094423,4.79646966014517,5.27285639978336,5.46053358388804,6.01149238568526,6.81258132235367
"CCNL1",7.74903848929855,7.99295870407099,7.68421763479633,6.67552995643852,7.53302498211991,5.99426341618856,7.29311556492637,5.88337164210732,6.44813762197581,7.00573414078652,5.92094463267707,7.41778379171463
"BACH1",3.39468001012155,4.34654453186477,2.50764289781218,2.5437205663093,2.8082625906435,2.9696213144906,3.11141968939779,1.74254474583481,2.21517102004496,2.41805482994757,3.29907364848655,2.91851561588421
"SQOR",5.71022188560218,5.64226845912165,5.36678458246379,4.18767940669076,5.77500762649392,4.57810200826045,5.06398759040479,4.17467863740194,6.65003506815874,6.04958861615457,6.15251449711305,6.91957833611209
"SRPRB",6.32683553919991,7.23838233108045,5.45536837491015,5.46271690758023,5.82425717381567,6.18179026547213,5.61232310035789,3.76658338054819,5.59130193050101,6.23300016616837,4.91465544186742,4.21030739976849
"SNX6",5.05871150132089,6.08945343346459,5.32179223218732,4.5846721753401,5.97587147246099,5.07769647941797,5.27492478791745,5.3366687900765,6.32626799842403,6.18130986801566,6.46152977649111,6.55260566120119
"RAC2",5.26761325007167,4.94915296461252,5.14800171011112,4.94470572735702,5.31773621159045,4.90900194659533,4.52794140341951,4.14761453833653,6.1636160117686,5.87367438974591,6.20683357716125,6.77138801602681
"UBL5",6.69188801883764,6.33278321679624,5.80377432099125,4.47793598571555,5.44627869604051,5.46838338265929,5.22105718237716,5.03130039701342,5.88073357554265,5.09658105364881,5.46141098639674,5.87832502800994
"BCL2A1",2.68143855573967,6.52608059693211,3.08971370545775,2.33763514433369,2.62934342839893,4.42498419034296,2.12193624897523,2.97412408971741,2.60824499516653,4.70208693448618,2.26571304013564,4.08175254865001
"BCL6",6.66126538775806,7.03943063420656,6.1523020636995,5.48941483667006,5.27709234148771,5.81563077642497,5.66798997778291,4.1536234993015,4.94414091543883,6.85034477438449,5.27326420882885,5.40409064652799
"BACH2",4.30734301674062,7.49436334547734,4.73776236670542,3.78316347575506,5.31701517593893,3.69665929575189,4.40107873304974,3.90357720828198,4.47279532785137,4.32580681459688,3.60069739977292,4.15013263952073
"RPA1",5.33144355291556,4.62113094214573,4.28553149405446,3.02972212957613,4.91265876626193,3.71440750690982,4.31526475598865,3.15478240867427,5.04934875840172,4.1464457350595,5.94253205807117,5.44540762021342
"MRPS12",4.24225969053388,5.25897065963817,3.0667417100729,3.29395201317256,4.46427275657281,4.42567553979051,3.53156906542777,3.22365996250807,5.06897034727402,6.06962062989944,4.92784572372173,4.48292549124661
"RPS4Y1",4.4619692262544,4.25232595439752,4.59102600598821,3.71097376814784,3.89200048196504,4.01419993017009,4.56090659001873,4.95704724997762,9.01982382305149,7.91986962173315,8.34265167805277,8.70729268446647
"RRM1",6.39833412163211,5.27323969949849,4.66509546327919,4.89786291804707,4.17860297046068,3.92628772727309,5.1751845919662,3.82215093693403,3.98062496192268,4.19100385370812,4.90300590805492,3.83760607260925
"S100A4",5.90512502023127,5.13001939883894,5.5824224154855,4.43607123535871,6.10374490453273,4.34917583006489,4.87852495328536,4.60719753495694,6.96080325531437,5.11335825336783,6.48726530488019,7.31331800224847
"S100A6",6.51782354509728,5.69642652364821,5.78839399069428,5.73013185759626,6.65457808440826,5.64047332461503,5.85427838054275,5.51258284614545,8.16246199351242,6.63262599238362,7.49194539033546,7.77248482156257
"CCL2",2.70761490851095,3.0843131365846,3.40841881587477,3.19246241312815,3.20774102952709,3.31306536134071,3.11820692542122,3.29137817585187,3.84973510153262,4.25618388287949,4.87598852968387,3.77077561373873
"CCL5",7.58799743509211,6.95624648346546,6.67147819496663,5.59908438051588,8.02908772802927,7.94884241694567,7.68098064186551,5.91639230134134,8.2329182238493,7.88385974753787,8.87109127658198,8.76423459705922
"SAMSN1",5.81071285832655,6.022106130895,2.77489739397148,2.60273838752723,3.53308888043396,2.77389526796722,4.94663343046936,2.44985016536038,2.83653997977344,2.72809973517092,2.63966775791552,2.85048302842053
"DPEP2",4.20307654761819,3.20914411255895,4.16494381328992,2.84175272239801,4.02069751019125,2.82458418317118,3.60288823647776,2.921354580601,5.61166169780416,3.92129904620182,4.82456829952007,5.15416774443143
"SRSF1",4.26389959987243,5.19658077409546,4.26394871634076,3.87995949973386,4.4893974265009,4.37884389022253,3.90448086347026,3.90067551801212,4.35460542086565,4.58833901684273,4.62186443513254,5.32522026356409
"NSD1",3.31378577711239,3.80586730021034,4.61216920936823,4.81952108662474,4.36752567651205,3.68412955105897,4.5198352476791,5.20145649685926,4.391093480753,3.87561194036893,3.5884269777109,4.24164452924104
"SGK1",6.50034918423988,8.99934971757285,5.8869551561138,5.75398103341896,4.79238443692331,7.13425966726819,4.84546355516961,5.82469689008888,4.77488071053737,6.94373996736158,5.15205864435643,5.6727824406625
"SHMT2",3.68095612629208,5.71564448280559,3.71092681828356,2.87083682778758,3.43572659671139,4.49876241848215,3.05845783753421,3.08993554867377,3.74603531826135,4.38882415212347,3.72193883099542,4.20617879834553
"SNCA",4.54949205264083,3.61299024394513,4.04627751831301,4.80438685691891,4.90866151866028,5.148987123925,6.70113434571462,5.90298301825604,3.98713601948113,4.18185080654844,4.40441359583574,3.88079033539967
"SNRPB",6.95447808135839,7.18937197250164,6.96825202279241,5.5481739883417,6.47289439700265,6.04949140409182,6.65332272163975,5.21797469813851,6.22041539048604,5.84812483680402,6.15352524752111,6.64919381674015
"SNRPG",6.66712535579549,6.65681735613376,4.51820035943445,3.48567461088904,5.31928415673613,4.2036443801342,4.92949777798963,4.17560619173261,4.37415583188356,4.52842737273357,4.56076294480608,4.61587684752571
"BNIP3L",5.2719769212963,6.04890993438865,4.55268604801193,6.16501844289575,6.60233451480577,5.51619965539559,6.95487290741897,6.54179385599766,5.43306448919899,5.01696677923836,5.98828123714225,4.62439020953211
"SORL1",7.41068602847281,6.58932779201856,7.49604770601637,7.62170937835505,8.81783405349799,7.2202991946054,8.60123379081555,8.02053984070064,8.88442622182381,8.04017575689787,8.47792703236013,9.33681176625333
"STAT6",7.48814386746585,8.50190366941807,6.53759724745029,6.12334669323538,7.8717299459076,7.33744316465067,6.8998657636975,6.59508183115898,7.11480159202399,8.00770734328703,7.85346924634567,8.7542779665331
"TBXT",3.3529947478492,3.76264103531365,3.68375303848537,4.33052027821795,3.50205086355351,3.96431822052733,4.28380649606789,4.50420226514055,4.26102892171784,3.84768256548678,3.45284336827785,3.65981394607565
"TAF2",2.67098007212569,3.37810314402308,3.68835244959498,3.86952290286539,3.45019551655484,3.76729037975572,4.2334441086755,3.95799965702054,3.87177835046563,3.6758826297298,3.14292700127777,3.16491527985637
"TAPBP",7.16468506136596,7.135845138951,6.14389448240519,5.44290058017848,6.84680700564824,6.94385918496777,5.76172279434381,3.22339058420103,7.40785693168802,7.43575066455996,7.7499293840942,7.22484619012179
"TARS1",5.42386635025651,7.5972966234323,5.06923319084564,5.22170059397051,5.988341741322,6.12661967164002,4.76696018317028,5.61769759575462,5.40991250336861,7.32783566186212,6.39765939674186,6.59247630727827
"ELOB",6.59851248678637,6.79656961916776,6.28640448131046,5.28720852489328,6.79774799031053,5.82017894974688,6.34828361318844,6.07394439698494,7.3449382200997,6.92868992118767,6.57940139050584,7.5767088000874
"TCTA",4.28840450501639,4.76892283856266,5.48438534294168,6.33031060610092,5.37724820656074,4.67999372853895,5.34883835753941,5.76883372145772,5.6002965642348,5.10585833909639,4.26925853748275,5.09520859773637
"TDG",4.86955787769245,5.43213538093935,3.41328505020493,3.2904987764116,2.57281005003579,3.51444526252388,3.96148924461663,2.50349460709805,2.89638732267039,3.53803067476487,3.9529935843057,2.90289934143789
"TFAM",4.9834482105524,5.20687810660495,4.31426054853474,4.88238556968439,3.29560961501057,4.57585718793208,3.75681304071925,3.43761118754806,3.95706438776231,4.94016086097178,4.32125657591345,3.82232107146944
"C1QBP",2.94606386719535,5.29534947094761,1.91044098935871,2.59070871970869,3.1208538348088,2.69553422318252,2.65148297131017,2.08483374968932,2.08207572499773,2.62886013859988,2.12293714173988,2.04514535260317
"TKT",4.51406987440147,4.67237302758146,4.83927644441723,4.09598084303081,4.06891357935467,4.39786180782877,3.71816449103845,3.73665456796205,4.75440923871625,4.91662291431025,4.66767126565164,5.48686029055278
"TRAF3",4.32017865589324,5.8199044474198,4.62931866225869,3.65217543496376,5.10193226403842,6.23714511472879,4.60742795917676,4.6928085850352,5.27336583584643,6.30524539759126,5.7741902209022,6.05066715604991
"CCT3",6.58539669547266,7.4265749385984,6.36614939562336,4.60411310383872,5.41833968307371,4.38684903331986,5.18872776436476,3.5119384837244,6.23280143451557,6.14375091751584,5.71516308903338,6.84763873654754
"TTF1",6.29795228029418,6.96994699135598,6.43052488117294,4.88889279697207,6.00633776765383,5.21670742267543,6.06449794718453,5.70384524844197,5.46806021234988,5.30896820930496,6.17246877949194,6.21955890893156
"TXN",4.31226793826637,7.83467674315355,3.24305140887822,3.16769950478444,4.21678148562609,3.32399336983653,2.9391268735361,2.85372613125997,3.05812060073832,5.24813535593494,3.25507853174915,6.73809324921845
"TXNRD1",5.70813956262466,8.8577897632876,4.64175025856396,4.11269139091789,5.65086171646399,5.38898541624611,4.56353033993433,4.93190666405548,5.57108187695052,6.15413207857708,6.0657364260536,6.62531982322176
"TYROBP",4.23593855530726,3.57614176547286,4.19753896850956,2.47992182355446,3.89977425179952,2.54913218148998,3.41871184467052,3.23976046371621,6.25127005106991,3.29134730150982,4.96846254480781,6.01641034170885
"UBE2D3",7.3784101431621,8.60813477330543,6.87705025792497,5.20997150955018,6.58333852934367,5.92180068595343,6.72082120086593,5.94239847410611,5.4732271743189,6.24252239292466,5.56374645022866,6.22005605535509
"UBE2E1",6.84356109504101,5.59059198373559,4.43270820034405,4.42427612516113,4.75650760131444,3.7340034354821,5.16182946848134,3.67248351686731,4.42814942511479,4.28560492030113,5.71859912487168,4.49203424582168
"UQCRC2",6.31627056965062,6.55912271537783,5.18394113448318,4.5943051166776,5.7917480224528,4.90819197316578,5.46469162473327,4.6224237059445,4.75075617594574,4.90044033650586,5.57387182655233,5.71574559621086
"UQCRFS1",7.32274143217116,7.04649350983275,7.23003378098875,5.0794637720156,7.2697294987658,6.74494526577155,5.99650008859292,4.90236973049436,6.73859353652968,6.11989626171731,6.72110119045233,5.49839594672355
"USP1",6.36241074885734,6.89074742403837,6.27405704396495,4.77209036450033,6.18416823582996,4.51207158171564,6.01924967778834,5.04514144230895,5.75141306626932,5.11782496109917,6.61760339832052,7.2261860262409
"VCP",6.98855712620797,7.90697197609152,5.75443752687786,5.16384907013279,6.36398777692742,5.61997726542321,6.06343072670208,5.66026259623152,5.84272945845112,5.76700210737876,6.07057623723554,6.86767164339158
"EZR",7.05312842542983,6.55363039511955,5.3778336121398,5.18950207945458,5.87726861237866,3.8296316726915,5.82051592608315,3.28130780592131,4.76900052299144,3.90960082987611,6.02640378189457,4.94185972534726
"XPNPEP1",4.30077325843475,3.52075689520099,5.06304919171649,2.59387778371499,3.81932645931626,2.56274193080806,3.75452569499779,3.30154329395438,4.02854490521035,3.71492374965831,3.78221001322968,4.98136897491939
"YWHAB",5.44228389873228,5.34418323934419,4.22696707104489,2.49719800660259,4.80216517235009,4.10329062603503,4.45834534822027,3.16106278225394,4.18236980724851,4.47483404995972,5.22784486493798,5.45513316246405
"CXCR4",7.03279325618509,8.55819881569617,7.11767746588909,9.17917060333616,9.08042890594628,7.75581729096236,10.0598115408996,8.16878176827953,7.51434467088113,6.81882801937323,8.38167425252751,6.44625141154438
"BCL2L14",3.93049194931665,4.17544301119418,4.39416001485746,5.27113435945373,4.29468730447141,5.42827007307752,4.50315822553645,4.82039988475605,5.16721750174336,4.43677803718932,4.50779633786954,3.81768363580153
"FXR1",4.45515441648648,3.54994526752632,3.06346530426376,2.40988238680715,2.30732010439417,2.92836351596351,2.53696723256283,2.82173016823678,2.6797769838166,2.62606537061366,3.23088318674545,3.24051561886932
"NPRL3",2.85277096567389,3.21463562120371,3.46307743026476,4.05359642159903,3.82564842784509,3.18772345826028,3.9803536833631,4.92810393337298,3.67928413373136,4.23476618483785,3.94395343539252,3.84441922549387
"CAMLG",6.66197976405911,6.26795784130555,5.42366914363463,4.40283862807752,5.99733595743779,4.81772189136294,5.94926770151018,4.51169729821859,4.66528822481562,4.68795792077903,5.20492931723786,5.83536681651053
"GTPBP6",5.1852677840815,5.83121759997986,5.87996939054722,4.57515182829588,4.2753001277105,4.39678208250283,4.55123691237259,5.56907558358001,5.72989552328847,5.00931996264463,5.15801932957799,6.00128256530601
"CAPN2",5.1429436606728,4.54809964434392,4.80071544353475,5.46143540247754,6.15557115855302,4.36029307677875,6.05377853748255,4.61553131727906,7.09493884044737,5.75046042763276,6.02394607734429,6.16630180980113
"CAPNS1",5.18552464284733,6.29153547915894,5.29819315651838,4.86584664846923,6.27237182241092,5.19767709867909,5.72353882241053,5.52723484065073,6.71338927650335,6.5944298248013,6.68788550085916,6.63769725753705
"KDM5D",3.95438619522952,3.46331097444187,3.02588616905872,3.69728030326132,3.64503200707689,4.03908762458988,3.07891697604856,4.23238222082921,5.25967513206941,4.99083018181892,5.8329304731188,5.72529811135414
"CAST",4.5105794541305,4.57818350675977,4.49219216922658,4.41892580330877,4.46192060737114,4.37868813239422,4.43759878607069,4.63197102942672,5.48243970706898,5.30920400779975,5.63146633281818,5.37054552654287
"TAGLN2",6.42038043085927,6.16077932388063,6.11629959867195,5.3115048303122,5.95348802793328,4.86241383710596,5.31969172990011,4.89202614492107,6.48227079399339,5.89212548052172,6.63751919508181,7.08438165207758
"UNC119B",4.36626194823397,3.8089236664597,4.6767488082748,3.17223182104547,4.04070293243727,3.63642863373403,3.68069004313075,3.50691014710381,3.72324088679229,3.5605977499181,4.41919212980035,4.18901935276634
"CBX4",3.86982202460617,3.17808165871987,3.43162981071611,4.12794024271479,3.46554527375323,3.31918949693393,3.98719856415419,4.88763422778436,4.07984819069547,3.41686412904073,3.43162981071611,3.07635730348956
"DDX3Y",1.96372897172108,1.9524965301265,2.00343594399629,2.63626016220817,1.77373331471848,2.34079606150742,1.96733447926022,2.06526163176112,4.39857030266728,5.0196185850324,6.27164471239822,3.25402749573945
"BANF1",7.01328635438203,6.80995584232222,5.90314548740533,4.82097827846177,5.66094702730399,5.34936530095482,5.07012419178825,5.4681620132262,6.60764420101135,6.76636163937043,6.23497785777766,7.63078793711267
"PRPF4B",5.0680748071714,4.12106149252954,3.62885773613152,3.34769145941586,4.74226426318773,4.25195836871469,3.84302183048959,3.64898165068131,4.20409861938594,4.58957750156697,4.62674673932568,5.88544650962148
"PSTPIP1",4.04550461139869,3.28772186406142,4.21861164996843,4.51465762042292,5.34023602179786,4.26403065082983,4.66112862147759,4.47464651085139,5.61811490113303,4.44322897773916,4.87403606499043,5.04973279459064
"ATG12",4.39569472335111,4.74833776603271,3.75632417177161,2.94635009539242,4.26665500544572,2.31081842100445,4.55400861409913,2.69631251468599,3.37597233094537,3.21124638579314,4.28054112007937,4.36730861657006
"DDX21",6.19467567521292,8.62809691006568,6.23217301716237,6.33547750668329,5.66717685246017,6.32309967795342,6.12369156715289,5.33646355847559,5.07416923480753,7.78323156625209,5.88744873618441,5.3800725259603
"VAPA",8.27966226734492,7.7200548453612,6.21330946106101,6.20793529764361,6.76920259966782,6.63896864634936,7.0619384895908,5.29829821054874,6.13415656413771,7.38598308468749,7.19870535600811,5.8042539433464
"CD7",4.11816334592799,4.70340005612502,3.84028217534981,3.43437835546961,4.35022078052069,3.78605488634501,2.9638106765665,3.06226962082535,4.22935421096119,5.04372228166693,4.24213459652032,4.83073265494408
"UBE2L6",5.9283472335194,7.20293992444239,5.52284052391998,4.94966576041438,6.10841371550911,6.42614772502358,5.42019360763785,5.27158983871445,6.13802733661219,7.109447134478,6.34446093229547,7.11359206057174
"STK17B",5.18417349904912,5.52015795204874,4.62066052972515,3.26479378134607,4.10981889026733,3.54603186074132,5.4239889979559,3.71951465659251,3.91301643737528,4.36889506711629,4.6781019539192,4.32146277914559
"STK17A",7.62180962296264,7.75258326253269,6.55782727077747,6.82352696597627,6.62576329664691,5.26115989017544,7.75134814052464,5.20203690437164,5.59568997740933,6.27476457168267,7.43813017079731,5.9428512523055
"CD83",6.63838733638137,7.3481982979446,6.00787120033429,5.05446345508837,3.94192976267096,6.35353636295452,4.73423530664778,4.88143162917283,5.47895214193691,6.69256041353108,5.53142209622824,5.48864934498244
"TRIP12",6.30635450308387,7.42760615990147,6.05652511705429,5.37762775600279,7.15297914061476,5.3172665572227,6.78975721752074,5.80282018608397,6.66501961121937,6.95390090823936,6.44371575265138,7.68315645985952
"GSTO1",7.00153883835892,6.85837298483486,6.68153180383497,4.36266407245964,6.51988208899449,5.01823272724699,5.29817759718226,4.55801394378253,6.37037252983467,5.63726913329702,6.30879989661874,6.43443063302818
"IL27RA",5.66914715183762,5.34713093888355,3.95202598120596,4.07343091788068,4.5950461032944,5.00831073938211,4.07901615244232,3.3605591601741,5.13014203390972,5.28362085684343,5.41372107088944,5.08479775263681
"PSMF1",4.71605611813094,4.77518420703489,4.43282013137205,4.9870512259861,5.42710592014844,5.1746899789702,5.68577326278571,5.53805368871577,5.40180939802941,5.20175670164864,4.96424236731134,4.90114862631825
"LITAF",8.02585494873617,7.58217665018848,6.75258395078516,5.84884954123941,7.54672793146995,6.62993280438186,6.51444998909535,5.67197178316974,7.53574098360588,7.43271177251103,7.1532791404616,7.333053748765
"BAG3",8.65748317170975,8.57154739971578,6.88993908816204,6.87049797562437,6.20263599547982,5.05229169931103,6.57123664016266,6.17851228629361,5.51446554794294,5.15319971231394,6.14779955869985,5.8364042700446
"CD47",6.56159438392122,6.23189212973459,6.00513426632066,3.96148451380188,6.24381436763217,3.96377806725761,5.31456648642164,4.20491266014515,5.7941457368565,5.34617435806101,6.27728146190779,6.7150334055841
"TRAF4",6.11297555819322,6.9503536863744,5.28201931814889,5.12236951317142,4.6897855345698,6.73844776615279,4.75734398218832,5.71902467872863,4.86179472510369,5.82550492877032,5.05604168435232,4.5924881257769
"ISG15",7.05586057457226,6.19640660647049,5.50559686320583,4.97112771058944,5.24249391001648,3.91179204972958,4.17100207277474,5.13946496053913,4.7992257976912,4.36348746188231,3.79968653171363,5.40296229797906
"CD74",6.03994264279297,5.7718290709629,5.8448542331473,5.40215289728453,5.45331384103699,5.01813645553712,5.07537023661198,4.50988220942344,5.97183608944963,6.14346446154835,6.76780860395699,6.00521259495492
"ADGRE5",7.03582381993089,7.67016691809038,6.67154161876545,5.78544308294011,6.41891786427685,7.55078039303543,5.66285247330392,5.0319615584902,6.54914350062952,7.47687702301648,6.04669539089194,7.0542480765505
"TOMM20",5.19677975778123,6.02024369962899,4.43517338819227,4.45580095114323,4.69015179861486,3.49251987138795,5.07923100685965,3.33590500557362,4.56686073515855,4.35223646945684,4.5544208066548,5.18584490262148
"CDC25B",7.4451940351843,6.25484188487355,5.95666946428346,5.98782671318338,8.05589539725758,5.59513271170474,6.81716070149447,6.69040599972191,8.52628633275363,6.44941943662399,8.72892683356163,8.15068704383192
"USP3",7.11781134891026,6.95908314574953,6.50824593346307,5.83866523570525,6.09735265344073,5.98222786132663,7.05109694134778,4.49158474339966,5.55869307566507,4.69936422191178,6.90773258111044,5.04531373775926
"HNRNPDL",6.2252401052376,7.02199856835679,7.00383490149647,5.37387296862754,5.04168376083631,5.39076423221081,5.98917151634607,4.4975584858779,5.37986472968946,4.5668417577223,4.89515704121699,5.68890625059406
